customerId,products
0,20
1,2|2|23|68|68|111|29|86|107|152
2,111|107|29|11|11|11|33|23
3,164|227
5,2|2
6,144|144|55|266
7,135|206|259
8,79|8|8|48
9,102|2|2|297
10,84|77|290|260
11,25|127|127
12,18|183|287|172|289
13,79|8|8|38
14,2|2|20|20|20
15,251|143
16,2
17,49|49|49|279|279|279
18,70|135
19,48|8
20,20|20|20|281|281|281|287|287|287
21,259|198
22,29|11|44|195
23,36|36|61|201
24,236|236|2
25,1|20|18|18|18|259|259|2|2|2
28,11|11|11|29|29|29
29,2|2|124|251|192|47
30,297|256
32,159
33,23|11|41|36|23|36|38|264|11|79
34,115|41|81|205|20
35,56|62
36,145|20|20|20
37,73|40|25
38,175|102|102
39,241|241|43
40,118|118|118|33|156|156|25|2|2|2
41,41|2|2
42,229|229|229|70
43,48|8|8
44,11|11|11|2|2
45,263
46,172|205|250
48,47
49,2
51,44|33
52,124|124
53,47
54,18|18|102|102|20|12
56,2
57,172|135
58,231|2|2|2
59,100|112|21
60,2|2|184|15
61,17
65,208|9|143|143
66,2
67,192
68,33
70,20|20
71,2|2
72,134|11|23|134|170|23|23|11|170|11
73,100|112
76,146
78,273
79,253
80,111|33
81,135|135
87,2|111|162|20|186|111|162|111|2|20
89,199|199|2|172
90,2|2|143
91,76|20
93,51|224|41|41
94,11|11|15
95,44|287
96,2|2|20|20|20|44|44
97,177|177|177
98,20|2|2
99,259|259|97
100,62|0|0|0|6|67
101,214|47
102,192
103,36|48
104,2
105,107|29|23|23|11|11
106,70
109,183|183|183
110,143|143
111,165|165|132|44|44|20|20|57|29
112,172|261
113,260
114,2|2|2|281
115,2
117,11
118,260
119,29|29|29|23|23|23|107|107|107
120,79|116|96|36|70
121,76|173|173|2|148
122,260|133|133
123,21|143|143
124,264
125,43
126,48|194|8|79|36|61
127,195|115
130,118
131,11|11|23|23
134,287|150
135,107|107|23|23|140
137,61|2|2|167
139,135|33|287|17|102|20|243|23|61|33
140,263|11
141,149
142,23|23|107|107|29|29|12|12|12
143,2
144,2|2
145,29|29|29|2
146,2|122|20|33
147,67|116|287|287
148,144|111|127|127
149,148|175
150,23|23|23
152,263|114|29|11|2|33
153,36|79|48|38|134|134|134|8
154,20|195
155,43|43
156,20|192|89
157,20|20|20
158,298
159,2|2
160,41|41|41|118
162,263|8|8|261
163,2
164,17|17|51|2|2|2|55
167,25|20|11|11|11|23|25|41|25|107
168,15|195|1
170,2|20
172,150|79|63|229|229|168|264|192|36
173,135|20|165|165
174,20|199|2
175,243|243|165
176,66
177,2|29|29
178,118|33|47|263
179,15
181,23
182,89|89|89|259|160|160
183,11|11
184,2|29|124|150|25
185,2
186,2|2
187,168|168
188,11|112|29
190,2|2
191,33|33
4,199|289
8,36
10,66|66|66
11,213
14,2|2|120|120|146|20|20|20
27,17
32,12|12|12
38,231|50|282
40,47|2|2|2
51,15
69,11|11|11|234|102|102|29
84,112|20
85,47
100,201|201|27
105,250
108,44|44|44
114,61|21|194|38|170|181|181|181|36|36
127,33|33|33
128,10|26|26|26
136,21|107|29|23|2|2|20|45|45
137,157
152,236
153,47|47|47
154,148
156,277|25
162,162|162|107|107|107
165,87
169,251
172,77|2|172|20|20|143|44
180,166
193,145|243|289|173|266
194,175|183|25|175|183|65|20|146|25|77
195,287|287|181|241|241|139|148|29|29
196,82|82|82|25|20
198,297|94|47
199,252|252|252|107|107|107|118|118|118
200,1|25|25|122|268
201,25|25|20|20|20|100|100|100
202,79|79|8|241|79|48|8|48|241|8
203,2|2|2|44
204,252|252|252|0|0|118
206,20|181|181
207,2|2|33|33|33|227|20
208,143|210|15|231|18|211
209,182|182|43
210,213|178|289|289
211,190|49|172
212,110|110|11|11
213,13|2|73
214,263|11|11|11
215,239|281|291|165|165
216,146|17
217,17|146|210|297|195
219,29|297|2|2|23|107|107
220,133|101
221,20|20|17|17|11|11|11
223,151|151
225,168|148|119
226,169|169|169
227,41|41|25|68|68
228,68|88|44|68|64|78|68|261|261|88
229,259|25|227|275|33|206|191|275|25|199
230,215|259|259|118|118|118
231,20|20|56|56|193|193
232,286|44|44
233,143|23|107|145|191|268|268|268|2|2
234,33
235,272|264|172|73|26|26|237
236,214|21|2|2
237,107|107|107|227|297|172
240,97
241,2|1|33|33|33|2|216|20|15|47
242,23|23|213|2|2|107|107
243,144|86|41|41|39|12
244,203|9|143|143|143|63|205
245,44|44|29|29|29
246,71|50|175|9
247,23|23|20|33|11|11|111|29|29
248,163|163|135
249,134|110|110|181|8|8
250,213|2
251,2|279|279|47|33
252,234|234|234|111|43|33|20
253,20|70|70|70|116|116
254,23|23|23|234|234|20|20
255,36|36|8|122
256,273
257,208|249|249|249
258,2
259,78|78|168|168|116|184|208|18|18|18
260,106|44|1|102|102|12
261,2|20
263,66|66|81|16
265,2|21|33|33|33
266,12|273|2|2|21|1
267,91|91|48|2|25|8
268,170|13|20|118|83|118|9|20|192|148
269,236|236
270,143|143|30
271,198|99|236|191|237
272,15
273,13
274,29|29|29|11|11|11|198
275,20|25|213|213|213|2|172|43|43
276,12|186
277,70|150|73|60|116|73|266|102|60|116
278,12|289|289|289|23|23|64|64
279,134|97|15|273|115
280,47
282,25|25|281|2|2|12
283,211|118|118|289
284,121|121|121
285,24|77|77|13
286,102|102|102|287
287,50|258|133|158|195
288,269|247|259|275|145
289,44
290,49|196|190|38|48|196|8|61|48|49
291,201|201
295,1
296,193|193|41|41|41|17
297,60|133|31|166|268|268|289|289
298,11|46|1|57
300,96
301,1|102|2|2|2|167|115|48|79|199
302,6|6|6
303,146|97|224
304,156
305,110|110
306,1|267
307,228|9|9
308,21|297|47
310,170|283|283|78
311,95|91|91
312,61
314,193
315,297
316,25|172|66|124|168|224
317,47|11|23|29
318,29|2|2|214|214|23|23|11|11
319,215|134|195|148|170|170
321,2|20|20
322,29|23
323,16|16
325,57|20|71|25
326,238|260|260
328,49|12|250|175|51|49|44|190|250|66
329,20|20|287|287
330,269
331,102|102|2|2
332,146|33|111|142
334,183
335,2|109|118|26|224|114|118|109|118|143
337,97
338,29|29|107|107|33|23|23
339,13|298|33
341,36|44|44|44|2|11|11|11|194
342,160
343,68|68|252|252|252
344,20|20|214|214|214|33
345,58|58|58|15|15|15
346,212|26|26
348,66|272|39|283
349,213|160
350,4|84|13
352,39|2|21
353,2|2
357,32
358,142
359,2|2
360,2
361,2|167
362,33|135
365,127|127|127
366,199|199|227
368,11|11|11|23|23|107|20
369,107|250|23
370,33|29|29
372,143|20
374,46
375,298
376,208|231|71|71
378,47|263|263|20
379,2
380,289|37|37|37|175|175|118|118|118|214
382,13|43|282
384,166
385,50|23|23|76|275|20|198
386,106|206
387,17
388,84|193|193|213|2|2
390,11|11|11|23|23|23
392,79|8
393,47|236|236
394,111|33
395,20|2|2|2
397,152|41|41|234|234|20|20
399,213|9|2|77|282|100
400,107|107|23|23|11|11
401,46|177|177|20
402,33|2|2
403,192|192|192
405,20|2|2
407,2|2|228|97|91|91
409,195
411,124|91|91
412,233|2|94
413,190|185
414,236|148
415,50|50|9|9|9
417,88
419,29|29|29
420,91|91
422,2|2|51|51
426,2|2|2
427,94|145|287
429,33
431,21|43|43
434,160|160
436,261|47|29|23
440,11|23
442,44|33|2|44|44|25|2|261|48|8
443,77
444,243|243|243
445,246|246|154|154
446,186|186|33
447,33|2
448,268|15
449,26|268
450,182|182|182|58|58|58
451,110|2|159|18|57|250|264|234|110|18
452,213|213|213
453,175
454,20|32|32
455,234|234|234
456,120|33|263|263|2|2
457,134|44|20|181|179
458,20|20|20
459,214|20|20|20
460,184|184
461,107|36|298|25|79|25|23|8|107|48
462,175|266|265|265
463,128|15|88|88|88|229|229|76
464,23|29|11|217|33|12|23|263|11|23
465,284|53|53|77|33|2|47|246|246
466,264
467,44|44|110|106|201|61|273|2|110|2
468,57
469,97|229|229
470,66|124|60|60
473,23
474,201|50|125|125|9|259
476,195|162|2|15
477,47|20
480,15
482,2
483,11|11
484,25|168|168|130
485,133|133|133
486,77|148|181
487,2|2|45|213|1
489,44|44|44|133|133|133
490,11|11|11
492,44|44|184|184
493,181
494,2
495,17|17
496,3|3|3
498,29|29|29|106|106|11|11|11
499,111|61
500,29|29|20|20|23
501,144
502,17|214
503,20|20
504,264|79|7|231|265|283|192|55|194|211
505,157
506,44
507,111|150|287|70
508,110|110|25
509,279|279
510,33
511,259|21
513,195
515,2|2
516,111|290|64|209|9|9
518,230|230|230
519,206|67|102|251
520,134|107|29|23|148|170
522,190|190|49
523,279|40|234|49
524,2|2
525,26|45|9
526,33|33
529,32
530,182|182
531,166|166|286
532,234
533,57
534,239|239|239|2
535,102|213
537,2|2|8|8|36
538,135|257|9|231|214|214
539,44|111|50|182
540,13|20|20|20|76|199
541,247|247
542,209|41|41|41|68|68
543,99
544,48|279|102|186|220|261|48|213|186|186
545,111|20|20|165
546,2|2
547,213|213|213
549,25|25|297|236|236
550,230|230|230
551,282|33|33|33|140|293|213|111|111|111
553,13|42
554,9|9|199
555,263|211|191|268
556,287|160|160
558,224
559,256|20|21
562,33|20|20
563,82|154|154|154|173
565,234|234|286
566,273
567,145|145|257|191|191
568,24|24|88|29|29|213|23|260
569,33
570,23|23|29|29|107|107
572,236|236|62|199|23|23
573,166|15|15
575,296|2
577,11|11|11
578,172|172|172|20|20
579,20|2|177|177|177
580,2
582,297
583,23
584,11|11|2|2|107|107
585,41|41|33
588,111
589,23|16|107|29
590,23|23
591,241|146
592,49|190|190|2|227
593,2|163|163|163
594,2|181
597,135|135|41|41|41|2|2
598,70|135|12|12|66|66|62
599,49|49|190|190
600,224|33
601,241
602,2
606,33|33|250
608,118|118|33|33
610,236|176|13|146
614,62|116
615,162
616,181
617,111
619,173|173|82|82|82
620,143
624,230|230|230
626,57|45
627,182|182|182|9|9|9
628,29|29|11|11
629,97
631,59
632,2|63|1
635,163|163|163
636,20
639,133
640,24
641,111|111|111
644,82
646,213|213
649,25|214
650,256|3|3|3
652,20|241|118|118|15
653,2
654,55|86
656,13|2|2|259
658,70|201|198
659,2|8
660,109|109|2|55
661,43|12|107|107
662,2|2|2|9
664,86|166|250|122|58|234
666,265|25
667,33|33|33
670,89
672,236|236|36|67|48
673,209|209
674,236|236|25|150|29
675,13|136|136|43|43|152|29|29|29
676,25
677,23|29|2|2|239|170|264|44|11|23
678,162|114|44
679,23|23|29|29|114|114|11
680,118|118|287|236|236|41
682,111|44
684,236|12|17|236|94|37|9|37|9|159
685,107|29|11
686,158|158|6|6
687,281|127|287|127|127|172|281|135|281|44
688,195|20
690,68
691,25
692,55|121|121|114
693,240|240|240
694,259|2|2|214|43
695,236|236|236
697,2|12|263|263|263
698,23|179
699,25|20|49|190
700,230
701,13
702,1|29|29|146|23|23|23
703,102
704,286|36|79|8|8|88|23|38|107
705,281|281|89|20|20|259|199|12|12
706,47|2|2
707,234
708,33|33
709,195|61
710,107|23|29|11|33|33
711,2|33
712,2|2|40|198|18|18|109
713,2|211|264|2|15|33|135|2|20|33
714,152
715,26
717,2
720,290|2|2
721,263|165|165|30
722,161
723,71
724,268|40
726,26|6
730,26
731,61|1|60
733,44|44|44|9|9|195|297
734,15|2|2|2|263|263
735,20|120|102
737,70|188
739,20
740,17|20|20|20
741,149
743,247|247|20
744,198|183|183|183|9|9
745,51
747,169|29|252|23
748,196|17|17
749,23|23|107|107|40|50|20|20|29|29
750,23|134|134|29|29|210|12
752,13|13
753,2|2|254
755,26
757,89|49|49|49
758,227|47
759,9|9|9|50|50|50|26|26|26
761,20|20
762,250|250
763,298|15
766,111|50|50|33
767,173|173|173
768,2|23|29
769,41|41
770,2|231|198|198|198
771,33|33|33
773,96|143
774,286
775,58|58|58
776,217|214
777,143|195|134|134|134
778,9
780,21
781,156|156|156|40|40
783,78|60|216|25|93|93|229|229|229
784,21|111|23
786,39
787,159|159
788,213|213
791,11|11|2|2|23|23|107|107
792,243|37|37|37
793,78|33
796,136|192|257|97
797,11|11|29|29|23|23
798,79|79|287|36|2|2|8|62|62
799,230|230|230|280|280
800,143
801,2|2
803,61|62|233
804,51
805,107|29|33
806,102
807,51
809,20|236|236
810,1|43
811,213|33
812,136
813,107|109
815,20|33|33
818,182|128|9|77
819,48|36|36|2|8|175|61
820,13|9
821,213|213|118|118|54|54
822,263
823,79|229|229|36|36|38|8|48
824,182|12|12|12|9
825,61|61|263|263|263
826,25
827,17|17|287|15|111|111|111
829,184|184|11|184|107|23|29|215|23|23
830,15|278
831,286|115|187|187
832,124
833,236|36
834,71
836,150|25|192
838,29|29|23|23
839,2|70|20|21|41|41|41
841,110|110|2|2|21
842,217
844,78
845,213|213|172|111|111|196|196
847,225|225|190|2
848,76|17
849,73|40|159|11|11|11|12|55|55
850,20
851,20|2|76
852,199|146|146|297
853,23|23|2|168|175
854,2
856,263
857,20|130
858,36|120
859,2|2
860,12
862,145|211|11|11|2
864,264|23|23|261|36|29|29|33|33
865,200|200|33|33|33
866,1|59|43
868,28|268|25|287|287|247
870,29|23|107|107
871,25|25
872,48|1|44|106|61|78|229|229|2
874,250
875,182|182|182
877,23|29|184
879,9|287|11|11|44|7
882,216
885,107|29|29|23|149|36|8
886,107|107|1|109|23|23|29|29
888,102|2
889,60|234|229|61|289|96|167|2
891,111|111|111
892,20|20|20|23|11|11|11|12|102|102
893,94|230|230|230|134
894,29|107|23
895,36|15|34|34|34|120|120|110|110
897,29|29|11|11|246|246|246|284|284|284
898,152
899,33|33
900,231|133|44|273|273
901,234|224|34|34|34|28|28|28
902,218|218|259|208|208
903,220
905,2|247|20
906,29|29|23|23|107|107
908,112|220|183|183|17
912,9|9|9|282|282|282
913,4|4
914,67|138|138
915,102|102|198|138|138|133|186|186
918,66
919,280|233
920,198
923,110|110|12|243
924,182|182|182
925,17|282|282
929,162|162
930,2|29|29|29|11|11|239
932,156|156|20|43|188|67|140|220|17
934,36|36|48|48|8|8|38|38
936,12|213|213|213|280
937,2|2
939,279|187|47
940,2
941,4|47
942,29|29|29|2
943,23|23|29|29
944,273|195|180
945,133|44|44|88
947,181
948,220|220|263|50|50
949,236|236
950,25
951,191|191|2|2|145
952,299
954,64|236|236
955,17|17
958,109|192
959,114|11|11|2|2|67|224|224
960,68|68|78
962,2|27|181|181|181|148|148|148
963,286
964,109
966,124|33|44
967,23|55|29|210|107
968,15|263|109|279|279
970,87|20
971,26|26|26
972,2
973,241|111
974,213|213|293|145|145|77
975,15|15|15|23|23|23
976,26|26|227|227|177|177
977,61
978,250|43|11|11|11|29|13
979,33|195|2
985,282|282|282
986,135
987,76
989,11|11
991,23|23|29|29|107|107
992,216
994,179
995,23|23|23|107|107|107
997,183|183|183
998,43
999,20|20|43|43|43
1000,33|150
1003,2|11|11|11
1005,11|11|11
1006,154|154
1007,33
1008,2|2
1009,68|68|68
1010,109
1012,44|44
1013,37|37|37|20
1015,111|111|111|261|261|261
1016,11|11|11|2|2|23|23|23
1017,60
1021,92
1023,170|231
1024,33
1025,20
1026,20|20|20
1027,157|175|215
1028,260
1029,20|2
1030,26|26|26
1031,152|2
1033,217|217|217|17|201|44|166|1
1034,143|229|229|105
1035,299|139|139
1036,231|231|231
1037,157|282|128
1038,3|3|3|20|20
1039,154|154|154|182|182|182
1040,20|133|133|21|50
1041,163|230|230|230
1042,163|163|127|127|127|259
1043,110|110|110
1044,84|43
1045,297|183|183
1046,25
1047,66|263|33
1048,16|16
1049,54|213|213|20|20
1050,33|213
1051,249
1052,26|26|26|77|268|268|208|259|259|20
1053,215|47|20
1054,130|7|172|66|9|240|66|287|167|50
1056,86|20|18
1057,1|1|2|2|2|43|43|280
1059,267|160|160
1060,227
1061,277|220|33|84|43|2|2
1062,217|217|133
1063,20|20|234
1064,12
1065,280|280|213|213
1066,121|121|121|24
1067,2|94|21
1068,220|2
1069,143|143|162
1070,58|18|18|0|0
1073,11|11|89|89|89|269|107|20
1074,94|23|107|29
1075,162|29|29|102|219|33|37|91|37|102
1076,15
1077,165|165
1078,22
1079,142
1080,195|231|231
1081,289|289
1082,23|23|23|78|78|33|29|29|78|29
1083,115|115
1084,25|26|2|2|27|20|20
1085,11|11|25|20|23|175|29|29|107
1086,2
1087,105|286
1088,234|20|144|15
1089,175|172|209|29|20|23
1090,4
1091,230|2|111
1092,13|13|13|162|162|1|15
1093,120|263|263|2|2|33
1094,93|289|13|70|70
1095,2|2|234|112|70
1097,2|200|200|1|1|256
1100,15|78|261
1104,208
1105,133
1106,88
1108,1|38
1110,195|251|23|107
1112,23|23|23|11|11|11
1113,234|297
1115,114|224
1116,290|290|201|201|201|40|40|40
1117,2|2|94|36|192|8
1119,2
1132,23|11|11|29|107
1134,44|44|195|16
1135,251|100|20|20|20
1137,23|23|196|196|196|227|182|107|107
1138,253|253|253|20|20
1139,2
1140,267
1142,43|168|299
1145,11|11|11
1147,20|20|234|13
1150,287|44|44|44|135|157|157|20|20|20
1156,94|41|68
1159,118
1160,56|65
1162,107|107|29|29|29|44|44
1175,68|68
1177,162|162|198
1178,281|281|23|29|281|20|29|23|20|23
1179,66|66|144|242
1180,2|2
1201,282|282|282
1202,38|194|79|48
1203,47|210
1206,12|20|20
1227,21
1228,52
1229,32
1230,20|20|20
1252,61
1263,145
1264,234|2
1291,9|9|9
1308,81
2048,61|233|2
2049,20|20
3,196|196|196
2052,29|11|11|11|23|23
5,91|91
2057,48|150
2058,29
11,287|104|50|111|20
2060,234|234|234
2061,44|44|44
2064,52
2065,14
2066,213|213|213|13|77|43|43
2068,213
2069,20|111|111
22,199
29,259|209
2053,55|55|55
2080,76|76|76|94
2054,20|20
48,17|33
56,247|44|44
58,134|134|219
2108,23|23
2109,251
64,298
2059,52
69,38|20
76,61
2130,20
2062,2|2|225
2153,248|248|248|132
110,58
114,295|190|49|49
2175,145|195
137,257|181|43|181|43|13|170|43|181|148
2187,47
2206,236|236|236
162,97|109|13
165,61
168,81|12
2225,234|234|234
178,265
2227,12|20|20|287
181,8|8|194
182,12
191,174|174|174|91|91|91
195,97
201,44
203,174|174|174|259
219,297|11|11|295|2|66
2279,9|9
245,33|33|33
2308,154|154
265,225
278,7
279,7|7|23|23|20|20|20|159
296,77|100
338,23|23|23|29|29
344,216|14|14
350,6|40
361,14
371,208
2110,148
387,2|55
422,110|18|36|110|48|157|12|216|18|38
437,17
459,194|194|79|79|48|48|38|38
462,43|43|260|260
480,15
494,44
501,190|190|157|49|49
513,97
533,51|7
540,14|11|11|11|107
549,148|213|213|97|18|77|14
573,203
2247,44
617,231|11|23|107
618,78
619,2|122
646,135
665,24|24|11|11|11
682,196|196|196
689,184
704,265
710,280|211
711,1|231|231
713,9|133|107|34|135|20|107|34|170|9
716,15
2070,17
736,124|124
738,196|196|196
759,9|26|26|26|50
761,172
789,236
790,14|193|193
803,33|33|33
808,14|14|162|162|162|263
2186,20|20|20
831,264|264|187|187|187
880,49|190|190
899,143|14
911,236|236
918,251
921,77
927,21|166
934,49|190|166
953,20|20|20
957,11|196|196|25
962,109|109
968,88|88
970,277
979,44|33
998,208|43|196
1025,175
1027,82|82|82|15|241|124
1031,50
1037,215|15|15
1065,194|6|6|135|102|186
1068,194|194|20
1084,15|7|225
1101,67|67|46|46|46|164|286
1102,20|20|20
1109,219
1116,107|107|107
1120,15|146|15|9|96|24|21|263|182|146
1121,210|12
1122,91|225|20
1123,45|45
1124,115
1125,149|33|33|33|289|289|289|287|287
1126,12
1127,21
1128,140
1129,11|11|107|23|196|196|196|29|29
1130,29|11|14|14|23|20|0|0|0|56
1135,11|11|11
1152,170|233|17|94
1153,157|25|287|84|227|39|276|276
1162,157|14|114|8|0|21|36|0|8|15
1164,2
1167,77|13|13
1168,20|20
1169,114|11
1170,129|133
1171,266|2|256|145|145|145|146
1172,15
1173,151
1179,47
1183,216|43|99|166|84|87|87|87
1185,8|175|55|79|48|172|8|36|135|21
1186,299|20|146|52
1187,281|2|102|186|263|281|2|2|102|263
1188,263|259
1189,27|27|0
1190,76|156|92
1192,196|196
1193,192
1194,33|287|15|24|149
1195,94|29|29
1196,2|2
1197,29|29|11|11|287|107|23|96|14
1198,261|96|67|273|273
1199,23|14|124
1200,154|220
1207,11|163|29|107|102|44
1208,233|135
1209,39|39|12|12|66|66|181|181|181
1210,39|298|200|174|174|174|86|92|122|122
1211,212
1212,2|38|190|49|60
1213,290
1214,184|184|211|15|234|33|214|2|2|213
1215,24|49|49|49
1218,50|50|50
1219,2|29|29|11|82|107|110|110|110|47
1220,12|12|13|63|66|66
1221,208
1222,114|70|55|236
1223,23|174|29|15|11|11|263|136
1224,20|20|60
1226,25|179|97|61
1232,9|9
1233,40|38|38|36|79|79|79|8|8|8
1234,126
1235,77|180|180|180|94|192|213|213
1236,224|298
1237,156|26|194|200|8|48|177|177|79|38
1238,78|12|199
1239,281|127|163
1240,18|265|265|170|55|16|12|12
1241,23|23|23|234|234|234
1243,13|51|89|291
1244,33|170|170|170
1245,233|91|91
1246,14|227|146
1248,14|12|214|111|111
1254,107|191|21|23|23|23|20|186|111
1255,282|44|44|257
1257,265|15|191|191|20
1258,29|29|23|23|33|33|107|234
1259,11|11|20|104|14|107|107|23|23|234
1260,9|7|145
1261,21|94
1262,136|14|14|14|19
1265,156|156|156
1267,17
1268,135|77|77|164
1269,241|241|227|227
1270,200|200|9|9|9
1271,174|174
1272,21
1273,18|18|18|245|245|245
1274,20|257
1275,234|267
1276,196|127|127|127|142|50
1278,7|13
1279,20|23|23|23|94|215
1280,107|29|11|23
1282,195|23|11|11|11|29|2|107|70
1283,43|43
1284,125
1285,15
1287,134|148|283
1288,155
1289,48|52|115|8|14
1290,148|83
1294,44|1|150|172|261|36|20
1296,60|151|14|14
1297,220|26
1298,111|111
1299,231|231
1300,14|14
1301,50|50
1302,111|111|111|230
1303,33|234|44|107|29|44|234|234|29|107
1304,77|117|117|117
1305,241
1306,44|44|110
1307,265
1313,209
1314,106|36|36|36
1315,216|133
1316,25|2|239|239
1317,175|78
1318,233
1322,20|44|44
1323,172
1325,95
1326,151|82
1327,192|192
1328,40
1329,96
1331,214|214|48|25|8|8|263|227|88|88
1332,297|23|23|148|148|267
1334,14|33|111
1335,146|122|16
1337,268
1338,97|136
1339,6|6|107|109|23
1340,111
1341,11|29|179
1342,20
1345,263|263|21|273
1346,242|11|11|11|268|0|15|142|107|9
1347,234|20|20
1348,50|50
1350,4|70
1353,6|33|30|7
1354,107|107|11|134|134
1356,14|52|52|251
1357,12|14|23|23|115|111|111|29|29|268
1358,9
1359,66
1360,234|20|20
1363,299
1364,24
1366,20|254|76|250
1368,254|20|20
1369,14
1371,2
1372,29|29|151|151|157|122|122|122
1373,9|63|102|102|102
1374,14
1375,111|150|60
1376,21|8|38
1378,24|136
1379,111|111|111|21
1380,289|91|151|231
1381,28|40|73|145|20|20|14|14
1382,29|29|11|11|23|23
1383,15|236|236|236
1385,29|29|23|23|23|82|82
1386,63|2|7
1387,222
1388,29|215|23
1389,220|220
1390,241|241
1391,181|148|148|170|170|170
1392,11|11|107|29|29|23|192|192
1393,149|210
1394,29|29|29
1396,196|196|196|245|245|245|20|20
1397,33
1398,2|61
1399,15
1400,263
1401,241
1402,213|111|43
1403,11|195|29|23
1404,11|11|29|29|134|134|148|148|148
1405,39|109
1406,111|111|111|20|20|195|256|256|287|287
1407,88|264|264|23|23
1408,213|213|213|6
1410,156|64|39
1412,23|143|11|11|29|29|107
1415,174
1416,29|11|23
1417,20|287|67|9|9
1419,280
1420,9|45
1424,193
1426,61|100|14|14|14
1427,163|163
1428,24|24
1429,236|236
1431,15|143|168
1432,33
1434,38|38|36|36|8|8|79|79
1436,124
1437,109|268
1441,234|252|252|252|143|14
1442,33
1445,44|43|218|239|239|239
1447,111
1449,77
1451,25
1453,173|173|173|55
1454,14|14|9|257|287
1455,62|138|188
1456,4
1457,146
1458,20|20|20|135|17|88
1459,20|20
1460,62|62
1462,215|14|127|127|127|38|8|20|162|162
1463,231
1464,107|29
1466,201
1468,26|26
1469,46|46|164|164
1470,120|120|120|13|13
1471,148|219
1473,15
1474,12
1475,79|8|214|38|48|20|20|20
1476,29|107|11|20|11|14|14|20|29|14
1481,199
1483,119|53|53
1485,233|181|283|73
1486,234|234|234
1487,196|196|18|18
1488,25|135
1492,238|266|266|291|25|25
1493,157|297|156|56
1495,23|23|29|11|11|11|188|20
1496,110|110|160|160
1497,23|23|23|29|29|29
1498,277|277|277|246|246|246|284|284|284|33
1499,115|194|175|61|20|20|20
1501,154|154
1504,11|11|11|234|234|234
1505,26
1506,299|299
1507,6|6
1508,267|267|210
1509,44|44|44
1511,173
1513,217
1514,193|298
1516,241
1517,14|14|94
1518,6|6|87|87|128|128
1519,70
1523,195
1524,160|160
1525,183
1527,143|56
1530,222
1531,211|145|21|191
1533,20|11|23|107|29|84|20|29|11|23
1535,67|116|14|14|14|70
1536,127|163
1538,170
1539,17|23|11
1540,192|23|107|145|145|29|29
1542,46
1544,70
1545,16|16|44|44|60
1547,297|297|159|25|25|25|111|111
1550,199|195
1551,11|11|152|23|23|107|107|298|47
1552,118|118|118
1553,91
1556,211|73
1559,9
1562,24
1564,213|213|213
1565,182
1566,151
1569,259|157
1570,170|148|148|181|181|181
1571,2|2|2|33|263|263
1572,149|33|13|63|7|133
1573,136|115|111|111
1574,14|102
1575,133|196|196|13|13
1576,287|42|199|48|49|49|8|8|8|180
1578,29|29|29|111|11|11
1579,213|213
1580,183
1581,273|175|190|127|244|89|70
1584,20|164|199
1587,234|234|234|23|23|23
1589,107|107|29|29|23|23
1590,4
1591,117|117|117|7|196
1593,2|29|29|9|9|23|23|11|11
1597,109|107|23
1598,8|61|150|8|29|48|107|79|11|23
1600,78
1601,275|14
1602,14|2
1603,71|71|143|143
1604,61
1605,11|11|11
1608,94
1609,15
1610,20|20|2|2|47
1613,45|250
1614,111|111|111|283
1615,94
1616,196|196|196|13|43|43
1617,33
1618,151|151
1620,66|209|43|143|111|29|29|84|84
1623,182|283|283
1624,40|40
1625,281|138|163|3|3|151|25
1626,27|25
1627,40|83|26|26|33
1629,247
1630,154|154|7|7|24|24
1631,8|8
1634,179|173|109
1636,265|265
1638,11|11|11|231
1639,97
1642,17
1643,263|134|134|134|15
1644,286|286|94|268|86
1645,43|43|17|22|250|250|265
1648,292|20
1650,60
1651,100
1656,33|111
1658,44|33|33|107|107|23|44|234|44|23
1660,218|66|25|272
1661,2|167
1662,148|148|231
1663,21|33|33|199|61
1664,299
1667,184|184|25|160
1668,231
1670,218|218|218|111|111|111|280|280
1672,22
1673,91|91|61
1676,151|209|7
1677,25|21|227|143|135
1680,2|47
1682,175|132|132|132|213|213|248|248|248
1683,39|20|8|48|48|8|48|8|39|61
1686,29|11|11|11|23
1688,21|106|263
1689,33|33
1690,186|186
1691,13|13|13|9|76|76|76
1692,290|211|11|135
1697,94
1698,199
1699,158|65|65
1700,263|263|263
1701,159
1703,246|246|246|284|284|284
1704,8|94|111|15|190|2|49
1705,47
1706,23|23|11|11|11|107
1708,86
1712,236|29|11|11|236|29|14|11|236|14
1713,172|120
1714,107|23|11|11
1715,299
1716,174
1717,162|107|107|29|143|23|200|20|11|11
1718,12|287|287|28|287|234|76|28|133|89
1719,109|107|107|107|149
1720,0|0|0|102|102
1721,2|2|55|33|33|33|150|150
1722,120|120|120|20|20|20
1725,44|44
1726,267|20|50|9|47
1727,264|264|264|33
1728,24|149
1729,13|133|57|281|114|1|257|38|8|21
1730,9|9|9
1734,107|107|107
1737,20
1738,111
1739,2|29|29|23|23|11|11|195
1740,273
1741,227|213|213|213
1742,20|14
1743,133|111|43|23|23|107|33|43|23|29
1744,107|51|29|23|32|32
1745,11|11|23|23|23|82
1746,20|12|12|12
1747,2|2|91|21
1748,11|11|183|183|172
1749,33|33|33
1750,17
1751,2|2|18|18|18|229|229|229|36|36
1752,67|67|70
1753,20|229|14
1754,11|11|11|251|111|111|111|21
1758,116|196|196|196|70|13|67
1759,231|31
1760,231
1761,11|47|263|263|1|47|11|23|40|263
1762,43
1763,213|213|213|133|88|198
1764,127
1765,67
1766,114|247|247
1767,54|8
1768,284|284|284|246|246|246
1770,21|48|38|273|273|8|33
1771,47|20|20|146
1772,92
1774,264
1778,22|22
1780,17|17|92
1782,150|164
1783,24|9|2|2
1784,38|49|66|149|166|115|111|15|15|62
1785,229|24|229|277|64|26|229|24|24|26
1788,25|9|213|213
1789,48|36|11|11|8|136|48|8|79|11
1790,112
1792,43|174|14|14
1793,9|9|121
1794,33|97
1795,84
1796,61|14|15|263
1797,57|57
1798,9|190|190
1799,23|11|162|154|284|154|11|162|154|29
1800,33|17|17|95|60
1801,179|23|11|2|2
1802,234|0|130|40|130|234|0|40|130|0
1803,157|20|20|20|227|216|201|201
1804,265|66
1806,193
1808,6|136
1809,118|2|2
1810,175|263|20
1811,211|144
1812,6|6
1813,22|237
1814,111|3
1815,214|143|12|29|236|20|20|11|20|11
1816,12|28
1817,192|192|198|14|16
1818,228
1819,213|213
1820,15|233|175|286
1821,200|107|24|128|29|29|246|87|246|87
1822,287|287|24
1823,17|106|44|251|251|49
1824,281|60|60|297|115
1825,102|133|133|14
1828,298
1829,289|47|268|111
1834,25
1836,263|263|14
1837,23
1838,16|55
1839,2|2|111|111|111
1840,23|23|11|11|29|29
1841,20|234|234
1842,247|247|281
1844,21
1845,12|12|12|154|154
1847,55|55|264|166|194|14|115|261
1848,11|11|11|199|20
1850,115|115|115|52|52|283
1852,213|213
1853,81
1854,23|23|107|107
1855,116|116|116
1856,76|92
1857,234
1859,263|263
1861,213|213|213
1862,86
1864,236
1865,284
1866,20
1867,107|107|107|298
1871,29|29|133|133|133|107|107|298
1872,24|66
1873,11|11|162|29|29
1874,44|44|15|26|26|26|20|20|20|1
1875,9|9|44|44|44|182|182|182
1876,196|196
1879,79|264|236|48|38
1880,33|33
1881,33|33|33
1882,1
1883,2
1886,133
1887,23|11|11|29|29|29
1888,9|9
1889,11|11|11|107|107|107
1890,60
1892,172|51
1893,52|52
1894,23|23|263|11|233|179|143
1895,97|161|266
1897,20|20
1899,29|23|23|128|135|11|11|11
1903,11|11|11|234|234|234
1905,86|86|86|281|20|150|144|144|144|89
1910,3|3|77|281
1914,133
1915,20
1916,111|111
1917,297|39
1918,20
1920,6|6|20|20|88|88|88
1922,20|20
1923,198|20|172|31|198|26|168|109|259|9
1924,290
1925,23|29|133|11|169|20|20|107|11|107
1926,213|213|298
1927,194|63|63
1929,214
1933,182
1935,7|7
1936,49|49|190|190|47
1937,51
1938,77|20|20|225|225
1939,23|23|94|29|29|107|107|2|102|78
1940,61|195|26|26|109|220|15|99
1941,241
1942,15|55|159|23|23|11
1944,191|145
1945,196|196|297|254|178
1946,107|107|107|23|23|23|44|44|44
1947,11|11|11|23|23|107|20
1949,18|18
1951,40
1952,34|34|34|227
1953,157|216|229|229|229
1954,111|111
1955,0|20|33
1956,181
1957,152|178|60|60|170|196|99
1958,286
1959,70
1960,2|263|96|47|111
1961,214
1962,44|33|33|264|29|11|107|264|44|107
1963,277|265
1966,265|3|3
1967,31|31
1970,182|182|182|130|130|130
1971,14
1973,66
1974,160|51|82|59|59|298|291
1976,148|107|107|29|29|170|170|170
1977,94
1978,91|91|196
1979,196|196|196|52|99
1980,77
1981,136|2|2
1982,17|266|210|15|259|265
1984,21|114
1985,77|77
1986,20|15|175|97|287
1988,241
1992,12|12|66|66|20
1994,213|16
1997,192|192
1998,143
2000,250
2001,115|36|8|180|264|264
2003,11|154|23
2007,259
2008,17|2|2|118|28|28
2009,1|1|21|76|254|20
2010,32|287|29
2012,24
2014,196|97|43
2015,0|26
2017,4|50|133
2019,220
2020,79|194|8|49|190|48|180|190|25|38
2021,20|20|20|23|107|107
2022,45|9
2024,33|33|33|44|44|44|111|111|111
2026,9
2027,289
2030,133|65
2032,94|97
2033,14|61|135|2|281
2034,11|107|29|17
2036,149
2037,2|2|15|233|233
2038,23|23|241|48|15|79
2041,14|14
2042,62|277
2047,51|208|208
3,196|196|196
3073,7|282
10,14|14|94|35
14,13|7|14
2069,180|150|47|195
2071,150|191|152|175|11|11|11
2072,150|150|278|278|24|224|174
2073,20|60|55|16
2074,239|239|239|180|196|24|24|36|143
2075,47|70|70|70
2077,66|17|17|188|67
2078,194|263|149|36|76
2079,39
2083,172|14|294|294|76|76
2084,6|6|6|58
2085,47|14|233
2086,81|16|70|62|62|62
2087,67|67|67|138|138|15
2088,2
2089,121|121|267
2090,40|286|286|219|53|53|37|37|37|172
2091,148|148|62|62
2092,179|17
2094,100
2095,37|37|37|12|191|25|114
2096,110|110|159
2097,233|124
2098,77|50
2099,146|46|67
2101,188|2|62
2102,8
2104,196|196
2105,20|20|14|14
58,17|164|46
60,112|36|47|15
2058,67|70|62|138
2112,289|289|133|277|277|215|76|9|151
2113,7|7|148|53|119|116|62|175|170
2114,38|35|35|36|36|48|40
2116,127|127|127|18
2117,120|120
2119,265|179
2120,85|187|261|17|180
2121,245|245|245|51|28|150|14|0|0|0
2122,185|85
2123,150
2124,214|118|118|118
2126,135|25|17|41
2127,85|85|87|6|87|6|87|152|6|14
2744,92
2132,92|46|46
2135,184|184
2136,151
2137,116|70|92|175|175|222|222|62|138|188
2138,140|34|34|34|209|209
2140,14|58|58|61|77
2141,76|76
2143,17|219|85|85|187|263|76|187|17|187
2144,195|100|17|17
2146,85|187|185
2147,17|17|1|47
2148,1|33|33
2149,14|199|281
2150,146
103,110|110|273|36|8
2155,61
2156,278|14|246|85|187
2157,142|52|4
2158,17|130|130|76
2159,53|53|119|119
2161,88
2162,70|60|12|12|12|172|35|20|175
2163,46|222
2164,281|70|62|120|283|188
2165,17|68
2166,233|233|15|15|14|269|175
2167,151|151|74|114|6|233|233
2169,185|187|85|47|17|17|76|76|20
2170,17|17|70
126,13|54
2176,186|186|186|221|7|15|51|63
2177,175
2178,254|254|19|19|19
2179,184|184|184
2180,264
2181,52|52|67|77|76
2182,224|224
2183,162|157|1
2184,16|14|245|245|245
23,201|251
141,15|233|265|219|66|166
2191,76|76|43
2192,138|188|278
2193,211|281|135|191
2195,277|155|6
2196,77|127|127|13
2197,188|161
2198,15|13
2199,194|297|231|115|48|38|266
2200,138|97|215
2201,199
2202,3|222|140|245|176|245|3|31|214|3
2203,14|14|151|219|219|219|61
2204,97|32|94
2207,47|68|68
2208,136|62|70|70|188|25
2209,151
2210,117|117
2211,76
2212,134|134|134|280|215|175
2213,297|19
2214,2|254|175|206
2215,128|128
2216,150|195|57
2217,161
2218,42|157
2219,188|164|164|46|46
2220,17|17|85|185|185
2221,218|229|229|229|57|57|84|84|84
2222,19|14|14
2228,161
2229,175|17|17
2230,227
2231,92|17|17|227|25|206
2232,2|2|292
2233,170|170|277|277|148|265
2234,41|41|41|39
2235,85|185|7|47|138|62
2236,160|153
2237,18|94
2238,97|97|45|195
2239,38|38|100|8|8|8
2240,254|14|14|138|287|106|106|135|179|62
2241,85|85|117|117|117|185|185|17|17
2242,114
2243,94|168|136|283
2244,286|146|101
2245,278|101|292|13|146|193|193|297
2246,25|172|180|227
2248,17|122|282|9
2250,67|116
2251,62|62|116|188|188|188|126|126
2253,175|229|229|150
2254,134
2256,148
210,77|14|7|38|109|166|38|289|36|109
35,62
2261,110|110|187|187|187|278
2262,153|219|219|7
2264,277
217,17|17
2266,266|297
2267,1|1|76|76
221,175|92
2270,17|17|41|41|41
2271,115
2273,16
2274,27|160
2275,135|265|198|3|11|184|282
2277,195|175
2278,177|188|115|67|172|46|46|37|192|37
231,208|208|8|8|8
2280,17|233
2281,17|17
2282,150|150|150|188|70|1|1|14|14
2283,17
2284,135|20|25|25|4
2285,278|278|278|257
2287,175
2288,188|173|265|46|45|149|22|164
2289,161|4|231
2290,34|34|34|37|37|37|25
2294,151|17|1|157
2297,120|183|116
2298,76|76|278|7
2299,6|2
2300,78|130|79|36|8
2302,161|181|181|227|227
2303,114|224
2304,99
2305,77|7|7|13
2306,151|151
2307,278|278|278|208|265|265
2743,17|17
2309,51
2310,82|82|82|187|187|187
2311,150|114
2313,38|8|48|94|79|38|14|40|194|94
2315,115|153|106|175
2320,289|16|170|115|23|106|85|85|115|81
2321,224
2322,17
2323,14
2324,86|129
2325,62|62
2326,150|150
279,7|77|14|14|1
2328,114|114|20
2329,17|17|183|183
2330,116|187|187|187|57|57|57|278
2331,287|209
2332,122
2333,175|219|106
2334,196|231
2335,62|41|41|175|59
2336,17|25|8|148|148|148|134|134|134|20
2337,199
2338,16
2339,120|79|8|48|36|172
2340,97|76|168|168|234
2341,225
2343,175|70
2344,114|17|224|224
2345,1|1|1|161|299
2346,25
299,225|24
2348,25|184|184|184
2349,92|196|215
2352,273|211|211
2353,194|48|79|8
2354,17|17
2355,57|57
2356,121|121
2357,167|14|14|14|106|106|263|263
2358,15|148|148|148
2359,41|14|47
2360,67|67|188|70|70|70|227
2362,160|184|13|97|225|151|299|14|224|151
2363,115|115|115|240|264
2365,143|143
2366,17
2367,37|37|37
2369,44
2372,118|118
2374,70|70|7|7|7|67
2375,17|17
2376,97|115|19
2377,254|17|135|47
2379,208|244|161|6
2380,1|14
2381,143|85|85|85
2382,174
2384,4
2385,12|12|12
339,67|70|188|138|62
2388,6|6|6|151
2389,67|161|62|278|70
2390,264|264|149
2391,18|77|57|253
2392,6|6|6|242
2396,24|131
2397,187|262|262|262|19
2398,17|17|70|70|1|1
2399,214|214|214|210|281
2400,47
2401,77|294|294
2402,258|24|17|77
2403,116|116|188|62
2404,8|60|227
2405,62|62|17
2406,20
2407,7
360,8|79|36
361,17
2411,102|102|148|148
2412,0|0|0
2414,218|8|79|49|240|190|218|0|25|272
2415,7|136|20
2416,127|233|46|6|165|164|265|6|127|165
2417,168|116|168|6|18|18|40|78|227|116
2418,206
2419,195|47
2420,17
2421,62|287
2422,13|152|136|71
2423,70|195|17|17|77|77
2424,262|262|262
2425,163|127|224|114
2429,43|152
2430,14
2431,70|188|17|17|220
2432,44|14
2433,61
2434,188|62|62|92|116
2435,17|17|60
2437,122
2438,231|265
2440,116|67|222|81
2444,55|55|20|115
2447,17|17
2450,76|76
2451,85|85|97|150|20
2454,0|0|15|40
2455,188|62|138
2456,188|17|116|116|188|17|77|7|55|67
2457,199
2458,48|48|17
2459,175
2460,2
413,13|13
69,177|177|177|138|183|67|14|14|14
2465,172|0|11|11|240|40|40|245|0|0
2466,9|77|282
2467,17|231|62|231|85|17|188|185|85|76
2468,6|6|74|74|9
2469,278
2471,192|14|13
2472,150|289|289|0|252
2473,266|266|7
2476,44|55|79|38|48
430,97|37|37|37|41|41
2461,254|254|4|4
2480,6
2483,83|83|83|268|76|76|76
2484,142|142|95
437,185|138|67|67|85|143|143|91
2486,79|36|180|13|35|14|38|8|196
2487,196
2488,150
2490,183
2463,57|195
2492,286|26
446,14|14|140|13
2495,175|0
2496,15|279|14|47
2498,32
2499,11|254|254|151|151|151
2500,206|256|256|17|17|281|114
2501,150|254
2502,120|196|240|101|175
2503,254|109|188
2505,152|57|283|14|117
458,19
2508,106|19|254
2509,7|7
2510,24|184
2511,40|98
2512,17|17
2513,37|37|37|14
2514,49|49|14|76|88|97|36
2515,135|19|19|19
2517,76|76
2518,7|138|17|62
2519,195|195|14|14
2520,286
2521,94|209|7|30|87|196|284|87|7|196
2522,141|286
2523,126|122|47|47|84|84|2|179
2525,25
2526,17|17
2527,148|173|135
2528,298
2529,116|6|6
483,191|191|62|116|268|275
2533,140|15|17
2535,17|17|4|4|4
2536,76|249
2537,4|4|4
2538,246|83
2539,28|2|45
2541,263|263|263|106|106
2542,218
2544,254
2545,156|195|67|67|199|188
2547,210|62
2549,17|17
2552,162|115|115
507,179|70|70|67|149|62|62
2556,70|188
2559,85|85
2560,89|85|185|166|25
2561,164|164|46|46|46
2562,17
2564,76|76|76|151
517,61|109
2566,77
2567,1
2568,170
2569,19|19
524,151
2573,298|97
2574,40|40|283|73|73
2578,47
2581,233
534,283
2583,47|15
2585,14
540,138|138|116|62|62|67|67
2592,13
2593,247|85|85|85|14|3|3|185|185|185
2594,209|120|1|157
2595,86|138|24|62|281|67|2|2|286|13
2596,179|179|196|196|196|17|17|97
2597,149|76
2599,115|115|76|179|1|85|2|2
2600,1|17|17|94|40
2601,254|216|106
2602,9|126|57|57|85|85|140
2603,185|187|187|85
2604,17|17
2605,53|2|181|181
2606,17|17|7|7
2607,99|278|70|67|150|44
2609,122
2610,126|106|254|195|179
2611,220
2612,14|14
2613,4|1
566,6|6|6
2615,253
2617,175|40
2618,265|4|67|62|265|280|280|265|16|280
2620,120|256
2621,296
2622,254
2485,40
2624,162|91|149|51
2625,116|62|175|268
2626,165|165|165
2627,251|251
2628,74|267
2629,25|290
2630,210
2632,45|9
585,27|49|190
2634,135|287
2636,84|13
2637,127|127|127
2639,138|70|179|179|188|188
2640,17
2641,195
2642,233
2643,196|148|243|38
2645,133|17|9
2646,161
2647,25|53|297|289|40|125
2648,14|14|151|151
2650,76|76
2651,17|17|47|219
2652,117|117|117|116|116|116|106
606,17|14
2656,117|117
2657,17|17
2658,17|17|6
2491,179|2
2660,135|14|186|194
2661,115|70|116
2665,149
2666,151|19
619,268|13|173
2668,20|20|36|79|146|210|48|175|227
2669,196
2670,47|175|150
2672,130|16|16|286|188|62|278|17|17|40
625,165|239
2675,299|299|117|117|117|196|196|196
2676,262|262|262|62|62|222|222
2679,128|128|170|170|257|257|7|181|218
2680,11|29|23
2681,47|136|7|7|92
2683,181|181|181
2686,19|229|179|179|106
2687,146|266|159|31|31|180|93|93
2688,210|92|84|84
2690,254|19|106
2692,17|17|151|188
2694,62
2696,76|120|15
2697,284|284|284|297
2700,146
450,173
2702,1|1
2703,60|122
2705,14|134|148
2707,259|78|97|263|263
2709,17|17|94
2711,102
2713,6|6|70
2715,52
2717,150|54|54
2720,254
2723,109
2724,14|47
2725,175|117|117
2726,94
2727,225
2729,234|175|175|102|102|92|92|92
2733,1|14|91|91
2734,19|19|254
2736,81|281|67|67|234
2737,62|46|164|70
91,150|76|14|17
2739,254|29|29|23|23|23|107|107
2741,7|89|175|175|175|183|183
2742,78|94|94|86|86|191|199|199
2478,4
696,104|104
2746,9|63|151
2747,152|208|208
2748,278|13
2506,0
2750,25|4|4|135
2751,17|17
2753,45|1|1
2507,281
2757,70|67
2758,206|163|9|89|24|135|157|258|184
2759,97
2760,224|136|117
713,71|153|34|34|34|166
714,251|151|152|116|13
2763,15
2764,187|187|187
2765,117|117|117
2766,13
2767,106|8|36|48|160
2768,278
2769,102|102|145
2770,19
2771,19|61
2772,185|185|297|187|187|85|85
2773,11|11|11|23|23
2774,76|155|263|14|294|186|186
2775,110|110|143|143|143|272|272|296|177
2776,41|68|278|278|278
2777,14|254
2778,209|209|17|17
2780,40|122
2781,109|20|209|297|131|131|191|16
2782,219|149|16|16|49
2783,297|195
2784,26|116|217|217|13|67
2785,142|15
2786,81|17|17|215|55
2788,149|151|13
2790,117|94
2791,116
2792,160
2793,216|76|52|52
2794,38|15|180|120|260|260|14|143|143
2795,256|256
2796,159|43|77|86|86|86
2797,136
2798,168|241
2799,294|219
2800,56|17|38|163|14|38|36|157|150|127
2745,57|57|57|22|22|22|4|4|13
2802,98
2804,18|18|18|13|237|177|177|177|27|25
2805,51
2806,183|44
2807,17|17
2808,177|177|180|17
761,114|114
2810,245|245|245|87|87|13
2812,199|88|77
2813,70|188
2814,195|18|18
2815,88|62|37|70|67|224|88|259|37|160
2817,22
2819,138|138|188|62
2821,43|16|159
2823,217
2824,15
2825,35|179|165|91
2801,67|121|209|142|198
2827,297
2828,287
2829,13
2830,6|6
2831,214|214
2832,17|148
2834,67|62
2835,134
2836,34|20
2838,251
2840,133|178|196|282|282
2841,215
2842,14
2844,106|116|254|62
2845,229|229|61|264
798,66|14
2847,6|6|155
2848,154|154|154|128|83|83|83
2850,170|233|35|35
2852,17|17
2853,151|151
808,135
2857,11
810,12|12|101
2859,97
2862,118|118
2863,259|259
2864,224
2865,88|88
2866,51|183|287
2867,7|7|278|278|6|6|6
2868,107|23
2869,49|49|190|190
2755,216
2871,79|150|94|36|8
2872,20|20|222
2873,251
2874,39|39|39
2875,17|47
2876,135|159|187|227|85
2877,15|19|2
2878,47|160|160|160|278|278|278
2880,187|114|185|224|85|114|278|278|187|114
2881,76|76
2883,183|183|67
822,14|233
2886,49|8|190|48
2888,117
2889,25
2890,56|85|85|85|286|286|179
2891,17|17
2895,281|70|62|62|62|135
2897,117|117|68|41
2898,28
2531,139|184|7|4|175|77|278|278
2900,67|67|67
2901,291|70
2902,187|187|187|85|85|185
2904,180|254|64|1|216|290|9|9|47|17
2905,17|17
2906,188|138
143,134
2908,151
2909,188
2911,150
2912,219|219|106|106|106
2913,251|47
2915,188|70
2916,195|7|13
2917,138|188|179
2920,184|47|47
2921,57|184|116|70|4|217
2922,12|7
2923,4|17|184
2924,51|149|12|12|12
2925,202|13|109|278
880,172|194|1|194|259|1|36|1|48|36
881,170|148
2931,97|23|23|29|29
2933,57|57|235|13|13|259
2934,83|83|183
2935,188|62|14|14|46
888,168|217|47|6|6
2937,19
2939,148
2941,180
2943,128|71|208|13
2944,61
2945,134|134
2946,20|131|131|206
2948,151|49|115
2949,187|17
2951,152
904,254
2953,17|76|254
2826,70|224|25|20|62
2955,7|47|15
2956,20|278
2957,57|14|14|85|85|7|17|185|185
2958,89|124|76|147|4|4|283|94
911,236
2960,57|257|54|54|101|71|71
2961,166|9|216|106|14
2962,46|47
915,13
2964,17|244|244|282
2965,278|278|278
2966,286|286|6|6|70|67|138|151|214|214
2967,6|6|6|208|208
2968,117|215|114|0|0|0|106|179
2970,92|275|27
2971,187|254
2974,175|242|234
2885,139|139|231|231|218|218|42|42|1
2977,47|156|14|14|97|34|34|34|289|289
2978,196|196|76|262|262|17|247
2979,114|151|13|115|115|57|57|135
2980,4|7|76
2981,114
934,93
2984,264|277|26|26|44|66|66|66|76
2985,187|214|185|114|114|85
2986,215|210
2987,116|116|116|224|70
2988,45|237
2990,145|211|211
2992,151
2993,51|174
2994,19
2995,185|185|278|116|150|187|187|289|35
2996,106|166|275
2997,36|36|8|8|150|44|48
2998,67|67|67|14|14|109|210
2999,7|7|13|13
3001,39
3004,214
3005,47
958,192
959,114|102|224
3008,152|92
3009,118|118
3010,92
3011,92
3012,181|181|170|148|81
3013,156|48|14|194|241|241|8|8|259
3014,66|76|278
3015,112|47|20|68|68|68
3016,196
3017,93
970,76
3020,89
3022,94|17|17
504,47|6|6|0|0|0|136
3026,17|17|254
3028,149
3030,143|143|61
2553,122
3032,15|6|6|14
164,215
3034,133
3035,14|14|107|23|16|56
3036,114|24
3037,12|12
3038,6|6|6|25|133|78
3039,234|195|162|149
3040,23|107|29|149|114
3042,18|18|18
2555,17|20|224|46|46
996,284|246|246|246
166,48
3046,17|36|36|19|14|8|199|48
999,19|19|19|214|214|214|181|36|36
3048,1|98|38|14
3049,150|62|62|4|4|4|286|78
2761,177|177
3051,151|151|150|150|143|143|281|114|185|185
3052,17|17|19|19|19
3053,200
3054,141|151|151|145
3055,18|116
3056,57|114|224|251
1009,196|195|195|195
2899,161
3061,277
169,173|170
3065,17|17
3066,195|14
3071,85|85
3072,6|6|15
1027,241|241
3076,138|70|70|62|62
3077,134
3079,84|65|9|9
2762,67|116|85|85|215|185
3081,30|157|7
3082,106|44
1044,196|196
3095,77|283|17|210|9|282|88|88
3096,62|70
3097,195|70|67|280|196
3098,264|264
3099,8|79|38
3100,14|19|6|6|6
2565,2
1056,116
2907,170|273
116,106
3113,17|111
3114,138|138
1067,94|24
1071,62|188|116|70
1074,139|117|251|84
2227,1|12|14|66
3130,94|195
1088,159
523,67|2
1093,1
3144,17|17
2572,266
186,48|8|38
1126,267|12|66|66|66|40
2919,114|114|150|231|62|224|77|231|224|70
190,180
1145,162|162|70|62
2582,91
2749,236|57|53|236|126|126|57|55|7|156
1172,87|87|87|18|128|84
1177,286
1180,47
2928,225
1186,136
2929,67|188
2588,175|175
108,106|188|273|70|62
3252,136|149
2590,44
1249,241
1211,10
203,33|163|163|260
1222,8|36|79|79|251|106|106|179
3273,254
109,183|183|183|7
2936,14|47|166
1237,261
3288,117|117|117
3289,185|185|185|85|85|85|70|70
208,233
2258,19|14|76
2259,191
2942,45|136|93|278|278
1282,14|115|254
1284,14|14|259|287
1301,105|105
3112,63|9|67|67|67
2269,168|168
2952,163|163|127|20
1331,25
2856,17|17
1334,116|70|14|14
1337,82
1367,180
1369,151|241
2959,259|20|290|280|210|278|184|92|25|281
1378,102
114,175
2846,4|4|231|231|231|116|70|67|62|138
3115,260|84|84|104|104
2963,151|297|17|17
1400,148|148
2623,85|85|175|150|151|14|14
234,240
2969,53|1|85|185|17|85|17|215|185|14
1432,124
1434,8|36|8|38|79|8|48|38|79|36
1436,278|110|110|110
240,97|15|254
1267,196|24|77
2633,67|278|278|62|70|55|55|116
3050,179|179|14|180
1491,85|151|278|17|53|19|273|70|187
249,91|91|109
50,141
1509,179|185|185|85|85
1521,297|297|114
1527,14
119,299|117|117|117
2779,170|39|78
257,278|161
2989,185|187|187
2738,273|13|13|13|254|195|76|76
2654,56
121,14|263|34|34|34|145|145
1592,262
147,254|106|138|62|70|70|114|224|188|62
1626,100
3025,236|236
1653,67|62
2851,57|7|7
3007,287
1664,52|52
3006,134|134|134
2327,141|49|49|14
2673,175|139
1992,17|115
3080,11|266|23|70|62|128
3018,211
2677,142|231
1734,15|15|15|23|23|49|49
1738,76|168|168
1750,146
976,74|74|74
977,70|70|19
148,144|242
2787,257|94|25|208|208|20|96|96|268|268
2347,64|24|56|265
2689,89
1802,40|40|40|25|25
3031,76|76
1805,6
1807,234|40|40|206|206
153,56|128
3033,6|6|6|117|117|17|17|13|13|13
155,62|62|62
162,196|138
2175,7
1843,136
1851,19|19|185|185|85|85|241|4|4|4
2699,259|41
3041,144|79|79
2449,222
3043,209|114
3045,13
1892,268|289|289
3047,4
1907,97
1002,240|25
1919,35
132,17|17
1935,19|19|19|233|278|278|278
1939,245|245|245
2714,196|196|196
2861,17|17
2427,224|114
3059,70|62|16
2719,13|13|6|6|6
1989,150
2453,11|11|1|16|254|287|188|161
1998,222|222|76|57|57|278
3064,233|233|76|76
2011,196|196
2026,82
3069,4|7
2387,17|17|47|151|151|151
2047,283
4096,24|238|257|133
4097,15|136
4098,187|2|236|151|188|15|236|85|234|114
4099,27|27|126|97
4100,9|45|255|9|101|244|8|179|45|209
4101,17|17|216|254|116|62|14
4102,8|79|9|2|6|6|229|179|179|64
4103,97
8,9|248|248|248|195
9,2|17|17|14
4106,11|15|191|118|118|118|265
11,234|181|45|45|45|117|117|117|76|213
4108,195|17|254|185|185|213|85|85
4110,46|12
4111,92|191
4113,102|102
4114,40|297|52|52|77|133|150
4116,32|32|6|6|6|15
4117,70
22,179|70
4119,237
4120,152
4121,17
4122,112
4123,117|117|117
4125,201
4126,138|46|46|126|62|188|164|164|164|150
4127,43|43|140
4128,76|226|9|71
4129,275|211|286|286|284|284|192
4130,290|33
4131,49|190
4132,214|214|63|15|192|192|110|110|110
4133,217|217|136|179
4135,138|254|116|138|139|254|254|185|67|185
40,133|201
4138,35|105
4139,29|114|11|11
4141,245|245
4142,12|17
4143,19|19|19
4146,19
4148,100|157|102|102
53,233
4150,190|49|279|279
4105,10
4152,195
4153,265|265|263|86|24|24|209|2
4155,151|133
4156,100|67
4157,2|2|188|188|70
62,7
63,70|70|188|188|114
4160,14|14|15|287|287|112|47|135|104
4161,218|183
4162,10
4107,177|177
68,199|142|13|155|120
4166,61|117|117|126
4167,134|134
4169,70|70|3|3|3
4170,225|225|225
4171,76|229|229|229
4172,209|278|278|175
4173,120|4|57|77
4174,282
4175,20
80,134|134|134
4177,266
4179,7|82|82|82|128|128
4180,143|143
86,160|179|143|143
87,233|136|250|231|51|47|166|291|195
4184,25|73|17|17
89,7
4186,7|7|17|17
4187,100
4188,225
4189,166|2|2|198|286
4190,47|76|76
4191,151|143|67|62|70
4192,219|219|67|152|17|17
4193,57|2|2|158|168|15
99,97
101,225|67|286
4198,17|17
4199,134|170
4200,25
4201,4|4|4|63|63|280|117|117
4203,186|241|151
4204,136|17|17|14|14|23|23|23
4205,234|26|191|66|152|0|32|145|4
110,40
4207,258|133|239|239|165|165|165
114,148|134|134|134|152|170
4211,70|62|116|188
4212,14|14|290
4213,144|254
4214,62|138|70|70
119,117|117|117
4216,215|172|172|135
121,82|76|76|76
4219,7|116|159|278|70|44
4220,194|275|275|8|116|264|62|38|48
4221,104|104|35|35|20|25|7|7
4224,23
129,44|209|17|118|118|73|2|233|13|12
4226,2|19|109|172
4227,47|254|116|67|67|19|19|19
4228,25
133,91|162
4230,1|9|131|133|55|118
4232,62|146|151|39|39|39|266|152|152
4233,129|17|17|116|15|138|162|117|117
138,12|92|188|278|278|278|138|138|70
4235,114|164
4236,62|172|67|67|67|216|70|70|135
141,2|2|2|264|19|179
143,82|185|85
144,234|12|175
4242,175|265
148,67|70
4245,150
150,191|191|275
4247,20|104|290|104|101|20|105|1|222|20
4248,3|17|40|40|247|247|247
4249,76|188|70|120|17|17|70|120|175|188
4250,7|7
4252,62|67|116|70|70
4255,231
160,287|242|46|1
4257,192|150|184|184|48
4259,35|8|7|115|44|206
4260,195|126
165,257
4262,57|57
4263,18|18
4264,188|70|62|19|19|254
4265,236|236|259|178|4
170,19|14|1|81
4267,84|84|15|15|278
4268,150|278|278|278|70|70|17|17
4269,4|4|160|160|77|83|83|175
174,217|217|168
4271,151
4272,25
178,17|17|187|85
4275,15
4276,12|60|17
4277,297|117|117|3|3|3|243|243
4278,163
4279,14|185|25
4280,141|215
4281,49|49|49|92
4282,16|16
4284,15
4285,179
4286,57|8|8|71
4288,185|150|85|144|94
4289,88|2
4293,17|17
198,17|17
4296,14
4297,254
4298,214|17|173
4299,280
4300,8
4302,188|234|62|62|254|151
208,231|15|3|46|134|134
4305,151|62|179|136|70|63|138|188|116
4307,7|77|71|71|71
4308,280|280|280
213,195
4310,32
4312,17|17
4313,70|62|116|116
4314,187|187|185|185|85|85
4316,15|16
221,222|46|46|185|185|19|85|19|85|185
4326,2|47
4328,17
4136,4
244,50|217|217
4343,216
4350,117|117
262,150|57|121|114|102|102|224|147|9
4140,78
279,115|134|134
4379,254|254|151|151|151
286,15
288,48|48|44|8|8|8|36|36|261
4144,68
290,198|185|185|187|187|175|85|85
4145,181|52
296,16
299,76
50,62|67|70
303,116|146|62|62|214
313,17|257|57|57|114
316,170
317,243|143
319,148|47|181|170|170
324,76|76|150|161|161|95
341,94|76|78
362,216
366,215|76|76|76
369,94|105
4158,160|192
4104,29|29|23|23|241|241|120
4159,175
383,120|120|82|97|99|168|24|24
387,92|1
392,41|41|41
401,67|70|138|188
403,14|231|231|97|109|94|234
4164,289
411,124
412,78|195|94
4165,186|186|102|102|102
433,175
451,104|222|222|76|152|35|136|206|126
466,92
4176,51
497,166
501,133
4181,18|18|18|161
516,45|45|25
4182,110|46|46|243|243|243
4183,215|77|57
535,97
540,224|224|224
571,185|145|145
573,76|179|9|115|263
578,31
583,60|94|195
586,262
587,47
589,16|78
606,17
4197,45|13
619,102
639,62|191
651,162
4206,25|142|24|24
677,17|115|19|85|82|4|185
4210,76|76
697,17|17
703,111
704,273|64
707,52|172|17
708,254
710,25|195|19|172
713,9|188|70
4215,261|263
719,133|77|57|140
4217,17|17
4218,2|14
735,13|44|104
4222,177|241|20|20|12|177|191|43|43|12
761,92|222|222
4223,121|40
767,175|173|173|173
768,94|17
770,2|63|14
4225,25|25
4229,100|151|151|179|82
803,52
808,14|14|41|41|41|142
810,81|286|140|16|110|110|275|275|138
813,20|67|67|67
835,17|17
4237,47|70|114
852,15|77|146|146|256|67|220|260
854,62|185|185|185|85
857,18|18|186|180|76|116|13|12|18|145
4239,101|77|136|61
4240,116|116|67|67|67|144|25
867,151
884,278
885,14|206|1
886,12
4244,116|116
4246,293
905,124
911,4
913,299
929,150|19|106|47|85|17|187|39
936,38|38|38|14|70|70|8|8|8
951,81
956,188|67
4256,37|37|37|12|12|12|117|17
962,222
983,63
4261,46|109|118|118|6|46|6|219|6|215
999,61
1013,37|37|37
1014,152
1021,44
1028,17|17
1031,152
172,253|253|253|211|211|211|278|278
1043,87|87|150|6|6|114|164|188|46
4270,175
1056,74|74|150|150|150|175
1065,57|13|61|188|6|6|91|7|265
4274,254
1086,59|17|62|19|187|47|19|17|187|188
181,185|187|187|187|85
1093,59
1094,62|70|70|70
1107,245|245
1126,299
1135,57|2|153|73|24|24
4266,6|6|6|74|74|57
4287,20
1182,115|115|150
1187,77|19
4294,62|116
1221,150
1223,85|278
1224,19|19|85|85|85|187|185
1244,85|185
4304,17|17
1264,12
1267,277|294|117|117|209
1279,67|67
1284,151|64|64|276
1311,195|110
1326,214|184|184
4317,289|289|289|126|115
1337,57|139
1351,2
1355,8|261|38
1358,138|138|138|70|67|62
1364,136|228|151|181|148|209|2
182,19|19
1376,209|117
1381,231
1393,164|40
1396,36|180|2|48|253|253|253|35|8
1402,195|7
1405,262|262|106|187|187|19|19|85
1409,227
1425,66|16|175|175|265|265
1433,66|25|184|184
1437,97
1445,116|116|138|188|70|17|16|16
1458,106|263|19
1516,151|188|62
1524,62|172
1525,146
1527,46
1570,70|70|70
1578,19|102
1585,16|286|55|62|4|7|116|81|67|209
1634,46|180
1635,71
1654,152
1657,2
1669,251|281|254
1675,7
1689,185|185|187|187|85|85
1691,63|63
4149,17
1734,7|7
4151,97
1789,209|201|55
1797,17|8
1823,181
1832,179|179
1844,151|218|218|76|7|7|273|13|13
1860,275
1866,115|278|47|297
1870,175|25
4154,179|166
1881,31|31|92
1886,9|50|2
1893,150|143|143
1904,172|88|88
1917,297|68|68|68
1937,40|118|118|118
1944,7|7|2|149
1976,79
1984,177|177|177
2011,85|85|141|27|185|185|19|161|195
2019,267|267
2034,114|278|224
2041,175|183
2042,2
2047,1|117|117|57|56
2098,49|36|264|8|194|194|190|48
2100,141|66
2108,18|25|152
2120,4|16
2122,11|227|199|206|286|175|86|8|20|152
2140,227|152|19|19|184|184|184|15|15
4163,162|25|160|278|13|281|102
2175,7|275|275|47
2194,117|117|117
2202,3|3
2230,84|79
2237,188|18|18|237|175|38|25
2247,17
2268,17
2297,20|133|251|278|278|224|101
2317,102|89|62|116|278|278|70|97
2345,135
2386,166
2404,2
2405,32|126
2407,6
2410,19|14|14|252|252|252|253|253|253
2424,184|25|102|102
2428,33
2429,17|62|57|67|70|70|57|82|17|62
4309,268|268
2451,85|85|85|172|180|185|185
2467,116|138|143|143|160|62
2478,175|46|15|47|224|85|187|104|2|164
2482,281|181|181|172
2486,49|49|239
2531,97|275|275|7|233
2557,20|262|262|262
2584,122|297|210
2591,6|6|114|224|25|20
2663,117|117|117
2664,119|119|188|2|67|67|114
2699,2|2
2700,7|24
2762,278|84
2774,294|294
2786,117|117|117
2801,277
4185,25